{
  "seats": [
    {
      "x": 179.0234375,
      "y": 168,
      "number": 6
    },
    {
      "x": 245.0234375,
      "y": 159,
      "number": 5
    },
    {
      "x": 195.0234375,
      "y": 274,
      "number": 3
    },
    {
      "x": 298.0234375,
      "y": 256,
      "number": 1
    }
  ]
}