{
  "seats": [
    {
      "x": 121.0234375,
      "y": 94,
      "number": 1
    },
    {
      "x": 267.0234375,
      "y": 125,
      "number": 3
    }
  ]
}