{
  "seats": [
    {
      "x": 41.0234375,
      "y": 59,
      "number": 4
    },
    {
      "x": 39.0234375,
      "y": 103,
      "number": 1
    },
    {
      "x": 327.0234375,
      "y": 231,
      "number": 5
    }
  ]
}