{
  "seats": [
    {
      "x": 87.1796875,
      "y": 204,
      "number": 1
    },
    {
      "x": 213.1796875,
      "y": 176,
      "number": 5
    },
    {
      "x": 202.1796875,
      "y": 271,
      "number": 3
    },
    {
      "x": 306.1796875,
      "y": 322,
      "number": 6
    }
  ]
}