{
  "seats": [
    {
      "x": 84.2421875,
      "y": 207,
      "number": 1
    },
    {
      "x": 269.2421875,
      "y": 251,
      "number": 3
    }
  ]
}