{
  "seats": [
    {
      "x": 135.2421875,
      "y": 216,
      "number": 1
    },
    {
      "x": 264.2421875,
      "y": 207,
      "number": 3
    }
  ]
}