{
  "seats": [
    {
      "x": 112.1796875,
      "y": 223,
      "number": 3
    },
    {
      "x": 300.1796875,
      "y": 235,
      "number": 1
    }
  ]
}