{
  "seats": [
    {
      "x": 109.1796875,
      "y": 140,
      "number": 3
    },
    {
      "x": 142.1796875,
      "y": 134,
      "number": 1
    },
    {
      "x": 241.1796875,
      "y": 126,
      "number": 6
    },
    {
      "x": 277.1796875,
      "y": 124,
      "number": 5
    }
  ]
}