{
  "seats": [
    {
      "x": 42.0234375,
      "y": 84,
      "number": 6
    },
    {
      "x": 84.0234375,
      "y": 79,
      "number": 1
    },
    {
      "x": 284.0234375,
      "y": 192,
      "number": 5
    },
    {
      "x": 282.0234375,
      "y": 281,
      "number": 3
    }
  ]
}