{
  "seats": [
    {
      "x": 94.0234375,
      "y": 222,
      "number": 6
    },
    {
      "x": 239.0234375,
      "y": 137,
      "number": 3
    },
    {
      "x": 222.0234375,
      "y": 248,
      "number": 5
    },
    {
      "x": 310.0234375,
      "y": 267,
      "number": 1
    }
  ]
}