{
  "seats": [
    {
      "x": 91.0234375,
      "y": 170,
      "number": 1
    },
    {
      "x": 249.0234375,
      "y": 147,
      "number": 3
    }
  ]
}