{
  "seats": [
    {
      "x": 161.0234375,
      "y": 210,
      "number": 2
    },
    {
      "x": 182.0234375,
      "y": 283,
      "number": 1
    },
    {
      "x": 300.0234375,
      "y": 241,
      "number": 3
    },
    {
      "x": 299.0234375,
      "y": 395,
      "number": 23
    }
  ]
}