{
  "seats": [
    {
      "x": 106.1796875,
      "y": 226,
      "number": 3
    },
    {
      "x": 238.1796875,
      "y": 220,
      "number": 1
    },
    {
      "x": 321.1796875,
      "y": 209,
      "number": 5
    }
  ]
}