{
  "seats": [
    {
      "x": 124.0234375,
      "y": 138,
      "number": 6
    },
    {
      "x": 185.0234375,
      "y": 143,
      "number": 3
    },
    {
      "x": 131.8828125,
      "y": 265,
      "number": 1
    },
    {
      "x": 227.8828125,
      "y": 63,
      "number": 5
    }
  ]
}