{
  "seats": [
    {
      "x": 20.0234375,
      "y": 144,
      "number": 1
    },
    {
      "x": 124.0234375,
      "y": 134,
      "number": 3
    },
    {
      "x": 152.0234375,
      "y": 256,
      "number": 5
    },
    {
      "x": 251.0234375,
      "y": 217,
      "number": 6
    }
  ]
}