{
  "seats": [
    {
      "x": 85.1796875,
      "y": 147,
      "number": 5
    },
    {
      "x": 206.1796875,
      "y": 138,
      "number": 1
    },
    {
      "x": 332.1796875,
      "y": 142,
      "number": 3
    }
  ]
}