{
  "seats": [
    {
      "x": 103.0234375,
      "y": 140,
      "number": 1
    },
    {
      "x": 154.0234375,
      "y": 133,
      "number": 5
    },
    {
      "x": 299.0234375,
      "y": 324,
      "number": 6
    },
    {
      "x": 334.0234375,
      "y": 263,
      "number": 3
    }
  ]
}