{
  "seats": [
    {
      "x": 88.0234375,
      "y": 156,
      "number": 3
    },
    {
      "x": 129.0234375,
      "y": 156,
      "number": 1
    },
    {
      "x": 142.0234375,
      "y": 245,
      "number": 6
    },
    {
      "x": 187.0234375,
      "y": 237,
      "number": 5
    }
  ]
}