{
  "seats": [
    {
      "x": 124.0234375,
      "y": 138,
      "number": 1
    },
    {
      "x": 185.0234375,
      "y": 143,
      "number": 5
    },
    {
      "x": 192.0234375,
      "y": 251,
      "number": 3
    },
    {
      "x": 291.0234375,
      "y": 242,
      "number": 6
    }
  ]
}