{
  "seats": [
    {
      "x": 92.0234375,
      "y": 181,
      "number": 3
    },
    {
      "x": 142.0234375,
      "y": 141,
      "number": 5
    },
    {
      "x": 239.0234375,
      "y": 330,
      "number": 6
    },
    {
      "x": 305.0234375,
      "y": 329,
      "number": 1
    }
  ]
}