{
  "seats": [
    {
      "x": 132.0234375,
      "y": 178,
      "number": 6
    },
    {
      "x": 200.0234375,
      "y": 152,
      "number": 5
    },
    {
      "x": 196.0234375,
      "y": 244,
      "number": 1
    },
    {
      "x": 283.0234375,
      "y": 251,
      "number": 3
    }
  ]
}