{
  "seats": [
    {
      "x": 68.0234375,
      "y": 84,
      "number": 1
    },
    {
      "x": 76.0234375,
      "y": 143,
      "number": 5
    },
    {
      "x": 242.0234375,
      "y": 174,
      "number": 4
    }
  ]
}